web-scraper-order,web-scraper-start-url,Name,Buy,Sell,Uses,RNG,WT,MT,HIT,CRIT,LVL,Name,Buy,Sell,Uses,RNG,WT,MT,HIT,CRIT,LVL,Name,Buy,Sell,Uses,RNG,WT,MT,HIT,CRIT,LVL,Name,Buy,Sell,Uses,RNG,WT,MT,HIT,CRIT,LVL,Name,Buy,Sell,Uses,RNG,WT,MT,HIT,CRIT,LVL,Name,Buy,Sell,Uses,RNG,WT,MT,HIT,CRIT,LVL,Name,Buy,Sell,Uses,RNG,WT,MT,HIT,CRIT,LVL,Name,Buy,Sell,Uses,RNG,WT,MT,HIT,CRIT,LVL,Name,Buy,Sell,Uses,Name,Buy,Sell,Uses,LVL
"1553749985-285","http://www.feplanet.net/games-7-items","Emblem Axe","--","--","60","1","10","8","75","0","E","Emblem Axe","--","--","60","1","10","8","75","0","E","Emblem Axe","--","--","60","1","10","8","75","0","E","Emblem Axe","--","--","60","1","10","8","75","0","E","Emblem Axe","--","--","60","1","10","8","75","0","E","Emblem Axe","--","--","60","1","10","8","75","0","E","Emblem Axe","--","--","60","1","10","8","75","0","E","Emblem Axe","--","--","60","1","10","8","75","0","E","Emblem Axe","--","--","60","Emblem Axe","--","--","60","E"
"1553749985-250","http://www.feplanet.net/games-7-items","Longsword","1260","35","18","1","11","6","85","0","D","Longsword","1260","35","18","1","11","6","85","0","D","Longsword","1260","35","18","1","11","6","85","0","D","Longsword","1260","35","18","1","11","6","85","0","D","Longsword","1260","35","18","1","11","6","85","0","D","Longsword","1260","35","18","1","11","6","85","0","D","Longsword","1260","35","18","1","11","6","85","0","D","Longsword","1260","35","18","1","11","6","85","0","D","Longsword","1260","35","18","Longsword","1260","35","18","D"
"1553749985-286","http://www.feplanet.net/games-7-items","Halberd","810","22","18","1","15","10","60","0","D","Halberd","810","22","18","1","15","10","60","0","D","Halberd","810","22","18","1","15","10","60","0","D","Halberd","810","22","18","1","15","10","60","0","D","Halberd","810","22","18","1","15","10","60","0","D","Halberd","810","22","18","1","15","10","60","0","D","Halberd","810","22","18","1","15","10","60","0","D","Halberd","810","22","18","1","15","10","60","0","D","Halberd","810","22","18","Halberd","810","22","18","D"
"1553749985-255","http://www.feplanet.net/games-7-items","Runesword","--","110","15","1-2","11","12","65","0","A","Runesword","--","110","15","1-2","11","12","65","0","A","Runesword","--","110","15","1-2","11","12","65","0","A","Runesword","--","110","15","1-2","11","12","65","0","A","Runesword","--","110","15","1-2","11","12","65","0","A","Runesword","--","110","15","1-2","11","12","65","0","A","Runesword","--","110","15","1-2","11","12","65","0","A","Runesword","--","110","15","1-2","11","12","65","0","A","Runesword","--","110","15","Runesword","--","110","15","A"
"1553749985-362","http://www.feplanet.net/games-7-items","Gold","--","--","1","","","","","","","Gold","--","--","1","","","","","","","Gold","--","--","1","","","","","","","Gold","--","--","1","","","","","","","Gold","--","--","1","","","","","","","Gold","--","--","1","","","","","","","Gold","--","--","1","","","","","","","Gold","--","--","1","","","","","","","Gold","--","--","1","Gold","--","--","1",""
"1553749985-351","http://www.feplanet.net/games-7-items","Boots","--","4000","1","","","","","","","Boots","--","4000","1","","","","","","","Boots","--","4000","1","","","","","","","Boots","--","4000","1","","","","","","","Boots","--","4000","1","","","","","","","Boots","--","4000","1","","","","","","","Boots","--","4000","1","","","","","","","Boots","--","4000","1","","","","","","","Boots","--","4000","1","Boots","--","4000","1",""
"1553749985-318","http://www.feplanet.net/games-7-items","Aureola","--","--","20","1-2","14","15","90","5","S","Aureola","--","--","20","1-2","14","15","90","5","S","Aureola","--","--","20","1-2","14","15","90","5","S","Aureola","--","--","20","1-2","14","15","90","5","S","Aureola","--","--","20","1-2","14","15","90","5","S","Aureola","--","--","20","1-2","14","15","90","5","S","Aureola","--","--","20","1-2","14","15","90","5","S","Aureola","--","--","20","1-2","14","15","90","5","S","Aureola","--","--","20","Aureola","--","--","20","S"
"1553749985-325","http://www.feplanet.net/games-7-items","Ereshkigal","--","--","--","1-2","12","20","95","0","Prf","Ereshkigal","--","--","--","1-2","12","20","95","0","Prf","Ereshkigal","--","--","--","1-2","12","20","95","0","Prf","Ereshkigal","--","--","--","1-2","12","20","95","0","Prf","Ereshkigal","--","--","--","1-2","12","20","95","0","Prf","Ereshkigal","--","--","--","1-2","12","20","95","0","Prf","Ereshkigal","--","--","--","1-2","12","20","95","0","Prf","Ereshkigal","--","--","--","1-2","12","20","95","0","Prf","Ereshkigal","--","--","--","Ereshkigal","--","--","--","Prf"
"1553749985-371","http://www.feplanet.net/games-7-items","Secret Book","--","4000","1","","","","","","","Secret Book","--","4000","1","","","","","","","Secret Book","--","4000","1","","","","","","","Secret Book","--","4000","1","","","","","","","Secret Book","--","4000","1","","","","","","","Secret Book","--","4000","1","","","","","","","Secret Book","--","4000","1","","","","","","","Secret Book","--","4000","1","","","","","","","Secret Book","--","4000","1","Secret Book","--","4000","1",""
"1553749985-341","http://www.feplanet.net/games-7-items","Silence","--","200","3","MP/2","0","0","0","0","B","Silence","--","200","3","MP/2","0","0","0","0","B","Silence","--","200","3","MP/2","0","0","0","0","B","Silence","--","200","3","MP/2","0","0","0","0","B","Silence","--","200","3","MP/2","0","0","0","0","B","Silence","--","200","3","MP/2","0","0","0","0","B","Silence","--","200","3","MP/2","0","0","0","0","B","Silence","--","200","3","MP/2","0","0","0","0","B","Silence","--","200","3","Silence","--","200","3","B"
"1553749985-254","http://www.feplanet.net/games-7-items","Regal Blade","--","300","25","1","9","20","85","0","S","Regal Blade","--","300","25","1","9","20","85","0","S","Regal Blade","--","300","25","1","9","20","85","0","S","Regal Blade","--","300","25","1","9","20","85","0","S","Regal Blade","--","300","25","1","9","20","85","0","S","Regal Blade","--","300","25","1","9","20","85","0","S","Regal Blade","--","300","25","1","9","20","85","0","S","Regal Blade","--","300","25","1","9","20","85","0","S","Regal Blade","--","300","25","Regal Blade","--","300","25","S"
"1553749985-278","http://www.feplanet.net/games-7-items","Spear","--","300","15","1-2","10","12","75","5","B","Spear","--","300","15","1-2","10","12","75","5","B","Spear","--","300","15","1-2","10","12","75","5","B","Spear","--","300","15","1-2","10","12","75","5","B","Spear","--","300","15","1-2","10","12","75","5","B","Spear","--","300","15","1-2","10","12","75","5","B","Spear","--","300","15","1-2","10","12","75","5","B","Spear","--","300","15","1-2","10","12","75","5","B","Spear","--","300","15","Spear","--","300","15","B"
"1553749985-266","http://www.feplanet.net/games-7-items","Brave Lance","--","125","30","1","14","10","70","0","B","Brave Lance","--","125","30","1","14","10","70","0","B","Brave Lance","--","125","30","1","14","10","70","0","B","Brave Lance","--","125","30","1","14","10","70","0","B","Brave Lance","--","125","30","1","14","10","70","0","B","Brave Lance","--","125","30","1","14","10","70","0","B","Brave Lance","--","125","30","1","14","10","70","0","B","Brave Lance","--","125","30","1","14","10","70","0","B","Brave Lance","--","125","30","Brave Lance","--","125","30","B"
"1553749985-329","http://www.feplanet.net/games-7-items","Luna","--","75","35","1-2","12","0","95","20","C","Luna","--","75","35","1-2","12","0","95","20","C","Luna","--","75","35","1-2","12","0","95","20","C","Luna","--","75","35","1-2","12","0","95","20","C","Luna","--","75","35","1-2","12","0","95","20","C","Luna","--","75","35","1-2","12","0","95","20","C","Luna","--","75","35","1-2","12","0","95","20","C","Luna","--","75","35","1-2","12","0","95","20","C","Luna","--","75","35","Luna","--","75","35","C"
"1553749985-267","http://www.feplanet.net/games-7-items","Emblem Lance","--","--","60","1","8","7","80","0","E","Emblem Lance","--","--","60","1","8","7","80","0","E","Emblem Lance","--","--","60","1","8","7","80","0","E","Emblem Lance","--","--","60","1","8","7","80","0","E","Emblem Lance","--","--","60","1","8","7","80","0","E","Emblem Lance","--","--","60","1","8","7","80","0","E","Emblem Lance","--","--","60","1","8","7","80","0","E","Emblem Lance","--","--","60","1","8","7","80","0","E","Emblem Lance","--","--","60","Emblem Lance","--","--","60","E"
"1553749985-256","http://www.feplanet.net/games-7-items","Silver Blade","1800","60","15","1","13","14","60","0","A","Silver Blade","1800","60","15","1","13","14","60","0","A","Silver Blade","1800","60","15","1","13","14","60","0","A","Silver Blade","1800","60","15","1","13","14","60","0","A","Silver Blade","1800","60","15","1","13","14","60","0","A","Silver Blade","1800","60","15","1","13","14","60","0","A","Silver Blade","1800","60","15","1","13","14","60","0","A","Silver Blade","1800","60","15","1","13","14","60","0","A","Silver Blade","1800","60","15","Silver Blade","1800","60","15","A"
"1553749985-361","http://www.feplanet.net/games-7-items","Goddess Icon","--","4000","1","","","","","","","Goddess Icon","--","4000","1","","","","","","","Goddess Icon","--","4000","1","","","","","","","Goddess Icon","--","4000","1","","","","","","","Goddess Icon","--","4000","1","","","","","","","Goddess Icon","--","4000","1","","","","","","","Goddess Icon","--","4000","1","","","","","","","Goddess Icon","--","4000","1","","","","","","","Goddess Icon","--","4000","1","Goddess Icon","--","4000","1",""
"1553749985-339","http://www.feplanet.net/games-7-items","Rescue","--","300","3","MP/2","0","0","0","0","B","Rescue","--","300","3","MP/2","0","0","0","0","B","Rescue","--","300","3","MP/2","0","0","0","0","B","Rescue","--","300","3","MP/2","0","0","0","0","B","Rescue","--","300","3","MP/2","0","0","0","0","B","Rescue","--","300","3","MP/2","0","0","0","0","B","Rescue","--","300","3","MP/2","0","0","0","0","B","Rescue","--","300","3","MP/2","0","0","0","0","B","Rescue","--","300","3","Rescue","--","300","3","B"
"1553749985-310","http://www.feplanet.net/games-7-items","Bolting","--","250","5","3-10","20","12","60","0","B","Bolting","--","250","5","3-10","20","12","60","0","B","Bolting","--","250","5","3-10","20","12","60","0","B","Bolting","--","250","5","3-10","20","12","60","0","B","Bolting","--","250","5","3-10","20","12","60","0","B","Bolting","--","250","5","3-10","20","12","60","0","B","Bolting","--","250","5","3-10","20","12","60","0","B","Bolting","--","250","5","3-10","20","12","60","0","B","Bolting","--","250","5","Bolting","--","250","5","B"
"1553749985-297","http://www.feplanet.net/games-7-items","Wolf Beil","--","100","30","1","10","10","75","5","Prf","Wolf Beil","--","100","30","1","10","10","75","5","Prf","Wolf Beil","--","100","30","1","10","10","75","5","Prf","Wolf Beil","--","100","30","1","10","10","75","5","Prf","Wolf Beil","--","100","30","1","10","10","75","5","Prf","Wolf Beil","--","100","30","1","10","10","75","5","Prf","Wolf Beil","--","100","30","1","10","10","75","5","Prf","Wolf Beil","--","100","30","1","10","10","75","5","Prf","Wolf Beil","--","100","30","Wolf Beil","--","100","30","Prf"
"1553749985-336","http://www.feplanet.net/games-7-items","Mend","1000","25","20","1","0","20","0","0","D","Mend","1000","25","20","1","0","20","0","0","D","Mend","1000","25","20","1","0","20","0","0","D","Mend","1000","25","20","1","0","20","0","0","D","Mend","1000","25","20","1","0","20","0","0","D","Mend","1000","25","20","1","0","20","0","0","D","Mend","1000","25","20","1","0","20","0","0","D","Mend","1000","25","20","1","0","20","0","0","D","Mend","1000","25","20","Mend","1000","25","20","D"
"1553749985-385","http://www.feplanet.net/games-7-items","Hero Crest","10000","5000","1","","","","","","10+","Hero Crest","10000","5000","1","","","","","","10+","Hero Crest","10000","5000","1","","","","","","10+","Hero Crest","10000","5000","1","","","","","","10+","Hero Crest","10000","5000","1","","","","","","10+","Hero Crest","10000","5000","1","","","","","","10+","Hero Crest","10000","5000","1","","","","","","10+","Hero Crest","10000","5000","1","","","","","","10+","Hero Crest","10000","5000","1","Hero Crest","10000","5000","1","10+"
"1553749985-379","http://www.feplanet.net/games-7-items","White Gem","--","10000","1","","","","","","","White Gem","--","10000","1","","","","","","","White Gem","--","10000","1","","","","","","","White Gem","--","10000","1","","","","","","","White Gem","--","10000","1","","","","","","","White Gem","--","10000","1","","","","","","","White Gem","--","10000","1","","","","","","","White Gem","--","10000","1","","","","","","","White Gem","--","10000","1","White Gem","--","10000","1",""
"1553749985-388","http://www.feplanet.net/games-7-items","Orion's Bolt","10000","5000","1","","","","","","10+","Orion's Bolt","10000","5000","1","","","","","","10+","Orion's Bolt","10000","5000","1","","","","","","10+","Orion's Bolt","10000","5000","1","","","","","","10+","Orion's Bolt","10000","5000","1","","","","","","10+","Orion's Bolt","10000","5000","1","","","","","","10+","Orion's Bolt","10000","5000","1","","","","","","10+","Orion's Bolt","10000","5000","1","","","","","","10+","Orion's Bolt","10000","5000","1","Orion's Bolt","10000","5000","1","10+"
"1553749985-334","http://www.feplanet.net/games-7-items","Hammerne","--","300","3","1","0","0","0","0","C","Hammerne","--","300","3","1","0","0","0","0","C","Hammerne","--","300","3","1","0","0","0","0","C","Hammerne","--","300","3","1","0","0","0","0","C","Hammerne","--","300","3","1","0","0","0","0","C","Hammerne","--","300","3","1","0","0","0","0","C","Hammerne","--","300","3","1","0","0","0","0","C","Hammerne","--","300","3","1","0","0","0","0","C","Hammerne","--","300","3","Hammerne","--","300","3","C"
"1553749985-289","http://www.feplanet.net/games-7-items","Iron Axe","270","3","45","1","10","8","75","0","E","Iron Axe","270","3","45","1","10","8","75","0","E","Iron Axe","270","3","45","1","10","8","75","0","E","Iron Axe","270","3","45","1","10","8","75","0","E","Iron Axe","270","3","45","1","10","8","75","0","E","Iron Axe","270","3","45","1","10","8","75","0","E","Iron Axe","270","3","45","1","10","8","75","0","E","Iron Axe","270","3","45","1","10","8","75","0","E","Iron Axe","270","3","45","Iron Axe","270","3","45","E"
"1553749985-263","http://www.feplanet.net/games-7-items","Wo Dao","--","30","20","1","5","8","75","35","D","Wo Dao","--","30","20","1","5","8","75","35","D","Wo Dao","--","30","20","1","5","8","75","35","D","Wo Dao","--","30","20","1","5","8","75","35","D","Wo Dao","--","30","20","1","5","8","75","35","D","Wo Dao","--","30","20","1","5","8","75","35","D","Wo Dao","--","30","20","1","5","8","75","35","D","Wo Dao","--","30","20","1","5","8","75","35","D","Wo Dao","--","30","20","Wo Dao","--","30","20","D"
"1553749985-288","http://www.feplanet.net/games-7-items","Handaxe","300","7","20","1-2","12","7","60","0","E","Handaxe","300","7","20","1-2","12","7","60","0","E","Handaxe","300","7","20","1-2","12","7","60","0","E","Handaxe","300","7","20","1-2","12","7","60","0","E","Handaxe","300","7","20","1-2","12","7","60","0","E","Handaxe","300","7","20","1-2","12","7","60","0","E","Handaxe","300","7","20","1-2","12","7","60","0","E","Handaxe","300","7","20","1-2","12","7","60","0","E","Handaxe","300","7","20","Handaxe","300","7","20","E"
"1553749985-377","http://www.feplanet.net/games-7-items","Torch","--","50","5","","","","","","","Torch","--","50","5","","","","","","","Torch","--","50","5","","","","","","","Torch","--","50","5","","","","","","","Torch","--","50","5","","","","","","","Torch","--","50","5","","","","","","","Torch","--","50","5","","","","","","","Torch","--","50","5","","","","","","","Torch","--","50","5","Torch","--","50","5",""
"1553749985-301","http://www.feplanet.net/games-7-items","Iron Bow","540","6","45","2","5","6","85","0","E","Iron Bow","540","6","45","2","5","6","85","0","E","Iron Bow","540","6","45","2","5","6","85","0","E","Iron Bow","540","6","45","2","5","6","85","0","E","Iron Bow","540","6","45","2","5","6","85","0","E","Iron Bow","540","6","45","2","5","6","85","0","E","Iron Bow","540","6","45","2","5","6","85","0","E","Iron Bow","540","6","45","2","5","6","85","0","E","Iron Bow","540","6","45","Iron Bow","540","6","45","E"
"1553749985-345","http://www.feplanet.net/games-7-items","Warp","--","750","5","1","0","0","0","0","A","Warp","--","750","5","1","0","0","0","0","A","Warp","--","750","5","1","0","0","0","0","A","Warp","--","750","5","1","0","0","0","0","A","Warp","--","750","5","1","0","0","0","0","A","Warp","--","750","5","1","0","0","0","0","A","Warp","--","750","5","1","0","0","0","0","A","Warp","--","750","5","1","0","0","0","0","A","Warp","--","750","5","Warp","--","750","5","A"
"1553749985-316","http://www.feplanet.net/games-7-items","Thunder","700","10","35","1-2","6","8","80","5","D","Thunder","700","10","35","1-2","6","8","80","5","D","Thunder","700","10","35","1-2","6","8","80","5","D","Thunder","700","10","35","1-2","6","8","80","5","D","Thunder","700","10","35","1-2","6","8","80","5","D","Thunder","700","10","35","1-2","6","8","80","5","D","Thunder","700","10","35","1-2","6","8","80","5","D","Thunder","700","10","35","1-2","6","8","80","5","D","Thunder","700","10","35","Thunder","700","10","35","D"
"1553749985-333","http://www.feplanet.net/games-7-items","Fortify","--","500","8","MP/2","0","0","0","0","A","Fortify","--","500","8","MP/2","0","0","0","0","A","Fortify","--","500","8","MP/2","0","0","0","0","A","Fortify","--","500","8","MP/2","0","0","0","0","A","Fortify","--","500","8","MP/2","0","0","0","0","A","Fortify","--","500","8","MP/2","0","0","0","0","A","Fortify","--","500","8","MP/2","0","0","0","0","A","Fortify","--","500","8","MP/2","0","0","0","0","A","Fortify","--","500","8","Fortify","--","500","8","A"
"1553749985-280","http://www.feplanet.net/games-7-items","Armads","--","--","25","1","18","18","85","0","Pfr","Armads","--","--","25","1","18","18","85","0","Pfr","Armads","--","--","25","1","18","18","85","0","Pfr","Armads","--","--","25","1","18","18","85","0","Pfr","Armads","--","--","25","1","18","18","85","0","Pfr","Armads","--","--","25","1","18","18","85","0","Pfr","Armads","--","--","25","1","18","18","85","0","Pfr","Armads","--","--","25","1","18","18","85","0","Pfr","Armads","--","--","25","Armads","--","--","25","Pfr"
"1553749985-375","http://www.feplanet.net/games-7-items","Talisman","--","4000","1","","","","","","","Talisman","--","4000","1","","","","","","","Talisman","--","4000","1","","","","","","","Talisman","--","4000","1","","","","","","","Talisman","--","4000","1","","","","","","","Talisman","--","4000","1","","","","","","","Talisman","--","4000","1","","","","","","","Talisman","--","4000","1","","","","","","","Talisman","--","4000","1","Talisman","--","4000","1",""
"1553749985-352","http://www.feplanet.net/games-7-items","Chest Key","1500","150","5","","","","","","","Chest Key","1500","150","5","","","","","","","Chest Key","1500","150","5","","","","","","","Chest Key","1500","150","5","","","","","","","Chest Key","1500","150","5","","","","","","","Chest Key","1500","150","5","","","","","","","Chest Key","1500","150","5","","","","","","","Chest Key","1500","150","5","","","","","","","Chest Key","1500","150","5","Chest Key","1500","150","5",""
"1553749985-287","http://www.feplanet.net/games-7-items","Hammer","800","20","20","1","15","10","55","0","D","Hammer","800","20","20","1","15","10","55","0","D","Hammer","800","20","20","1","15","10","55","0","D","Hammer","800","20","20","1","15","10","55","0","D","Hammer","800","20","20","1","15","10","55","0","D","Hammer","800","20","20","1","15","10","55","0","D","Hammer","800","20","20","1","15","10","55","0","D","Hammer","800","20","20","1","15","10","55","0","D","Hammer","800","20","20","Hammer","800","20","20","D"
"1553749985-342","http://www.feplanet.net/games-7-items","Sleep","--","250","3","MP/2","0","0","0","0","B","Sleep","--","250","3","MP/2","0","0","0","0","B","Sleep","--","250","3","MP/2","0","0","0","0","B","Sleep","--","250","3","MP/2","0","0","0","0","B","Sleep","--","250","3","MP/2","0","0","0","0","B","Sleep","--","250","3","MP/2","0","0","0","0","B","Sleep","--","250","3","MP/2","0","0","0","0","B","Sleep","--","250","3","MP/2","0","0","0","0","B","Sleep","--","250","3","Sleep","--","250","3","B"
"1553749985-359","http://www.feplanet.net/games-7-items","Filla's Might","--","--","15","","","","","","","Filla's Might","--","--","15","","","","","","","Filla's Might","--","--","15","","","","","","","Filla's Might","--","--","15","","","","","","","Filla's Might","--","--","15","","","","","","","Filla's Might","--","--","15","","","","","","","Filla's Might","--","--","15","","","","","","","Filla's Might","--","--","15","","","","","","","Filla's Might","--","--","15","Filla's Might","--","--","15",""
"1553749985-312","http://www.feplanet.net/games-7-items","Excalibur","--","500","25","1-2","13","18","90","10","S","Excalibur","--","500","25","1-2","13","18","90","10","S","Excalibur","--","500","25","1-2","13","18","90","10","S","Excalibur","--","500","25","1-2","13","18","90","10","S","Excalibur","--","500","25","1-2","13","18","90","10","S","Excalibur","--","500","25","1-2","13","18","90","10","S","Excalibur","--","500","25","1-2","13","18","90","10","S","Excalibur","--","500","25","1-2","13","18","90","10","S","Excalibur","--","500","25","Excalibur","--","500","25","S"
"1553749985-376","http://www.feplanet.net/games-7-items","Thor's Ire","--","--","15","","","","","","","Thor's Ire","--","--","15","","","","","","","Thor's Ire","--","--","15","","","","","","","Thor's Ire","--","--","15","","","","","","","Thor's Ire","--","--","15","","","","","","","Thor's Ire","--","--","15","","","","","","","Thor's Ire","--","--","15","","","","","","","Thor's Ire","--","--","15","","","","","","","Thor's Ire","--","--","15","Thor's Ire","--","--","15",""
"1553749985-282","http://www.feplanet.net/games-7-items","Brave Axe","--","37","30","1","16","10","65","0","B","Brave Axe","--","37","30","1","16","10","65","0","B","Brave Axe","--","37","30","1","16","10","65","0","B","Brave Axe","--","37","30","1","16","10","65","0","B","Brave Axe","--","37","30","1","16","10","65","0","B","Brave Axe","--","37","30","1","16","10","65","0","B","Brave Axe","--","37","30","1","16","10","65","0","B","Brave Axe","--","37","30","1","16","10","65","0","B","Brave Axe","--","37","30","Brave Axe","--","37","30","B"
"1553749985-319","http://www.feplanet.net/games-7-items","Divine","2500","50","25","1-2","12","8","85","10","C","Divine","2500","50","25","1-2","12","8","85","10","C","Divine","2500","50","25","1-2","12","8","85","10","C","Divine","2500","50","25","1-2","12","8","85","10","C","Divine","2500","50","25","1-2","12","8","85","10","C","Divine","2500","50","25","1-2","12","8","85","10","C","Divine","2500","50","25","1-2","12","8","85","10","C","Divine","2500","50","25","1-2","12","8","85","10","C","Divine","2500","50","25","Divine","2500","50","25","C"
"1553749985-320","http://www.feplanet.net/games-7-items","Lightning","630","9","35","1-2","6","4","95","5","E","Lightning","630","9","35","1-2","6","4","95","5","E","Lightning","630","9","35","1-2","6","4","95","5","E","Lightning","630","9","35","1-2","6","4","95","5","E","Lightning","630","9","35","1-2","6","4","95","5","E","Lightning","630","9","35","1-2","6","4","95","5","E","Lightning","630","9","35","1-2","6","4","95","5","E","Lightning","630","9","35","1-2","6","4","95","5","E","Lightning","630","9","35","Lightning","630","9","35","E"
"1553749985-323","http://www.feplanet.net/games-7-items","Shine","900","15","30","1-2","8","6","90","8","B","Shine","900","15","30","1-2","8","6","90","8","B","Shine","900","15","30","1-2","8","6","90","8","B","Shine","900","15","30","1-2","8","6","90","8","B","Shine","900","15","30","1-2","8","6","90","8","B","Shine","900","15","30","1-2","8","6","90","8","B","Shine","900","15","30","1-2","8","6","90","8","B","Shine","900","15","30","1-2","8","6","90","8","B","Shine","900","15","30","Shine","900","15","30","B"
"1553749985-335","http://www.feplanet.net/games-7-items","Heal","600","10","30","1","0","10","0","0","E","Heal","600","10","30","1","0","10","0","0","E","Heal","600","10","30","1","0","10","0","0","E","Heal","600","10","30","1","0","10","0","0","E","Heal","600","10","30","1","0","10","0","0","E","Heal","600","10","30","1","0","10","0","0","E","Heal","600","10","30","1","0","10","0","0","E","Heal","600","10","30","1","0","10","0","0","E","Heal","600","10","30","Heal","600","10","30","E"
"1553749985-358","http://www.feplanet.net/games-7-items","Energy Ring","--","4000","1","","","","","","","Energy Ring","--","4000","1","","","","","","","Energy Ring","--","4000","1","","","","","","","Energy Ring","--","4000","1","","","","","","","Energy Ring","--","4000","1","","","","","","","Energy Ring","--","4000","1","","","","","","","Energy Ring","--","4000","1","","","","","","","Energy Ring","--","4000","1","","","","","","","Energy Ring","--","4000","1","Energy Ring","--","4000","1",""
"1553749985-245","http://www.feplanet.net/games-7-items","Iron Blade","980","14","35","1","12","9","70","0","D","Iron Blade","980","14","35","1","12","9","70","0","D","Iron Blade","980","14","35","1","12","9","70","0","D","Iron Blade","980","14","35","1","12","9","70","0","D","Iron Blade","980","14","35","1","12","9","70","0","D","Iron Blade","980","14","35","1","12","9","70","0","D","Iron Blade","980","14","35","1","12","9","70","0","D","Iron Blade","980","14","35","1","12","9","70","0","D","Iron Blade","980","14","35","Iron Blade","980","14","35","D"
"1553749985-269","http://www.feplanet.net/games-7-items","Horseslayer","1040","32","16","1","13","7","70","0","D","Horseslayer","1040","32","16","1","13","7","70","0","D","Horseslayer","1040","32","16","1","13","7","70","0","D","Horseslayer","1040","32","16","1","13","7","70","0","D","Horseslayer","1040","32","16","1","13","7","70","0","D","Horseslayer","1040","32","16","1","13","7","70","0","D","Horseslayer","1040","32","16","1","13","7","70","0","D","Horseslayer","1040","32","16","1","13","7","70","0","D","Horseslayer","1040","32","16","Horseslayer","1040","32","16","D"
"1553749985-360","http://www.feplanet.net/games-7-items","Flametongue","--","--","--","","","","","","","Flametongue","--","--","--","","","","","","","Flametongue","--","--","--","","","","","","","Flametongue","--","--","--","","","","","","","Flametongue","--","--","--","","","","","","","Flametongue","--","--","--","","","","","","","Flametongue","--","--","--","","","","","","","Flametongue","--","--","--","","","","","","","Flametongue","--","--","--","Flametongue","--","--","--",""
"1553749985-340","http://www.feplanet.net/games-7-items","Restore","2000","100","10","1","0","0","0","0","C","Restore","2000","100","10","1","0","0","0","0","C","Restore","2000","100","10","1","0","0","0","0","C","Restore","2000","100","10","1","0","0","0","0","C","Restore","2000","100","10","1","0","0","0","0","C","Restore","2000","100","10","1","0","0","0","0","C","Restore","2000","100","10","1","0","0","0","0","C","Restore","2000","100","10","1","0","0","0","0","C","Restore","2000","100","10","Restore","2000","100","10","C"
"1553749985-242","http://www.feplanet.net/games-7-items","Brave Sword","--","50","30","1","12","6","75","0","B","Brave Sword","--","50","30","1","12","6","75","0","B","Brave Sword","--","50","30","1","12","6","75","0","B","Brave Sword","--","50","30","1","12","6","75","0","B","Brave Sword","--","50","30","1","12","6","75","0","B","Brave Sword","--","50","30","1","12","6","75","0","B","Brave Sword","--","50","30","1","12","6","75","0","B","Brave Sword","--","50","30","1","12","6","75","0","B","Brave Sword","--","50","30","Brave Sword","--","50","30","B"
"1553749985-348","http://www.feplanet.net/games-7-items","Antitoxin","450","75","3","","","","","","","Antitoxin","450","75","3","","","","","","","Antitoxin","450","75","3","","","","","","","Antitoxin","450","75","3","","","","","","","Antitoxin","450","75","3","","","","","","","Antitoxin","450","75","3","","","","","","","Antitoxin","450","75","3","","","","","","","Antitoxin","450","75","3","","","","","","","Antitoxin","450","75","3","Antitoxin","450","75","3",""
"1553749985-365","http://www.feplanet.net/games-7-items","Lockpick","1200","40","15","","","","","","","Lockpick","1200","40","15","","","","","","","Lockpick","1200","40","15","","","","","","","Lockpick","1200","40","15","","","","","","","Lockpick","1200","40","15","","","","","","","Lockpick","1200","40","15","","","","","","","Lockpick","1200","40","15","","","","","","","Lockpick","1200","40","15","","","","","","","Lockpick","1200","40","15","Lockpick","1200","40","15",""
"1553749985-262","http://www.feplanet.net/games-7-items","Wind Sword","--","9900","40","1-2","9","9","70","0","B","Wind Sword","--","9900","40","1-2","9","9","70","0","B","Wind Sword","--","9900","40","1-2","9","9","70","0","B","Wind Sword","--","9900","40","1-2","9","9","70","0","B","Wind Sword","--","9900","40","1-2","9","9","70","0","B","Wind Sword","--","9900","40","1-2","9","9","70","0","B","Wind Sword","--","9900","40","1-2","9","9","70","0","B","Wind Sword","--","9900","40","1-2","9","9","70","0","B","Wind Sword","--","9900","40","Wind Sword","--","9900","40","B"
"1553749985-309","http://www.feplanet.net/games-7-items","Steel Bow","720","12","30","2","9","9","70","0","D","Steel Bow","720","12","30","2","9","9","70","0","D","Steel Bow","720","12","30","2","9","9","70","0","D","Steel Bow","720","12","30","2","9","9","70","0","D","Steel Bow","720","12","30","2","9","9","70","0","D","Steel Bow","720","12","30","2","9","9","70","0","D","Steel Bow","720","12","30","2","9","9","70","0","D","Steel Bow","720","12","30","2","9","9","70","0","D","Steel Bow","720","12","30","Steel Bow","720","12","30","D"
"1553749985-259","http://www.feplanet.net/games-7-items","Sol Katti","--","--","30","1","14","12","95","25","Prf","Sol Katti","--","--","30","1","14","12","95","25","Prf","Sol Katti","--","--","30","1","14","12","95","25","Prf","Sol Katti","--","--","30","1","14","12","95","25","Prf","Sol Katti","--","--","30","1","14","12","95","25","Prf","Sol Katti","--","--","30","1","14","12","95","25","Prf","Sol Katti","--","--","30","1","14","12","95","25","Prf","Sol Katti","--","--","30","1","14","12","95","25","Prf","Sol Katti","--","--","30","Sol Katti","--","--","30","Prf"
"1553749985-306","http://www.feplanet.net/games-7-items","Rienfleche","--","300","25","2","7","20","80","0","S","Rienfleche","--","300","25","2","7","20","80","0","S","Rienfleche","--","300","25","2","7","20","80","0","S","Rienfleche","--","300","25","2","7","20","80","0","S","Rienfleche","--","300","25","2","7","20","80","0","S","Rienfleche","--","300","25","2","7","20","80","0","S","Rienfleche","--","300","25","2","7","20","80","0","S","Rienfleche","--","300","25","2","7","20","80","0","S","Rienfleche","--","300","25","Rienfleche","--","300","25","S"
"1553749985-296","http://www.feplanet.net/games-7-items","Tomahawk","--","100","15","1-2","14","13","65","0","A","Tomahawk","--","100","15","1-2","14","13","65","0","A","Tomahawk","--","100","15","1-2","14","13","65","0","A","Tomahawk","--","100","15","1-2","14","13","65","0","A","Tomahawk","--","100","15","1-2","14","13","65","0","A","Tomahawk","--","100","15","1-2","14","13","65","0","A","Tomahawk","--","100","15","1-2","14","13","65","0","A","Tomahawk","--","100","15","1-2","14","13","65","0","A","Tomahawk","--","100","15","Tomahawk","--","100","15","A"
"1553749985-265","http://www.feplanet.net/games-7-items","Axereaver","1950","65","15","1","11","10","75","5","C","Axereaver","1950","65","15","1","11","10","75","5","C","Axereaver","1950","65","15","1","11","10","75","5","C","Axereaver","1950","65","15","1","11","10","75","5","C","Axereaver","1950","65","15","1","11","10","75","5","C","Axereaver","1950","65","15","1","11","10","75","5","C","Axereaver","1950","65","15","1","11","10","75","5","C","Axereaver","1950","65","15","1","11","10","75","5","C","Axereaver","1950","65","15","Axereaver","1950","65","15","C"
"1553749985-354","http://www.feplanet.net/games-7-items","Door Key","50","25","1","","","","","","","Door Key","50","25","1","","","","","","","Door Key","50","25","1","","","","","","","Door Key","50","25","1","","","","","","","Door Key","50","25","1","","","","","","","Door Key","50","25","1","","","","","","","Door Key","50","25","1","","","","","","","Door Key","50","25","1","","","","","","","Door Key","50","25","1","Door Key","50","25","1",""
"1553749985-273","http://www.feplanet.net/games-7-items","Poison Lance","--","--","40","1","8","4","65","0","E","Poison Lance","--","--","40","1","8","4","65","0","E","Poison Lance","--","--","40","1","8","4","65","0","E","Poison Lance","--","--","40","1","8","4","65","0","E","Poison Lance","--","--","40","1","8","4","65","0","E","Poison Lance","--","--","40","1","8","4","65","0","E","Poison Lance","--","--","40","1","8","4","65","0","E","Poison Lance","--","--","40","1","8","4","65","0","E","Poison Lance","--","--","40","Poison Lance","--","--","40","E"
"1553749985-338","http://www.feplanet.net/games-7-items","Recover","2250","75","15","1","0","0","0","0","C","Recover","2250","75","15","1","0","0","0","0","C","Recover","2250","75","15","1","0","0","0","0","C","Recover","2250","75","15","1","0","0","0","0","C","Recover","2250","75","15","1","0","0","0","0","C","Recover","2250","75","15","1","0","0","0","0","C","Recover","2250","75","15","1","0","0","0","0","C","Recover","2250","75","15","1","0","0","0","0","C","Recover","2250","75","15","Recover","2250","75","15","C"
"1553749985-355","http://www.feplanet.net/games-7-items","Dragon Shield","--","4000","1","","","","","","","Dragon Shield","--","4000","1","","","","","","","Dragon Shield","--","4000","1","","","","","","","Dragon Shield","--","4000","1","","","","","","","Dragon Shield","--","4000","1","","","","","","","Dragon Shield","--","4000","1","","","","","","","Dragon Shield","--","4000","1","","","","","","","Dragon Shield","--","4000","1","","","","","","","Dragon Shield","--","4000","1","Dragon Shield","--","4000","1",""
"1553749985-249","http://www.feplanet.net/games-7-items","Light Brand","--","25","25","1-2","9","9","70","0","C","Light Brand","--","25","25","1-2","9","9","70","0","C","Light Brand","--","25","25","1-2","9","9","70","0","C","Light Brand","--","25","25","1-2","9","9","70","0","C","Light Brand","--","25","25","1-2","9","9","70","0","C","Light Brand","--","25","25","1-2","9","9","70","0","C","Light Brand","--","25","25","1-2","9","9","70","0","C","Light Brand","--","25","25","1-2","9","9","70","0","C","Light Brand","--","25","25","Light Brand","--","25","25","C"
"1553749985-380","http://www.feplanet.net/games-7-items","Earth Seal","20000","10000","1","","","","","","10+","Earth Seal","20000","10000","1","","","","","","10+","Earth Seal","20000","10000","1","","","","","","10+","Earth Seal","20000","10000","1","","","","","","10+","Earth Seal","20000","10000","1","","","","","","10+","Earth Seal","20000","10000","1","","","","","","10+","Earth Seal","20000","10000","1","","","","","","10+","Earth Seal","20000","10000","1","","","","","","10+","Earth Seal","20000","10000","1","Earth Seal","20000","10000","1","10+"
"1553749985-350","http://www.feplanet.net/games-7-items","Body Ring","--","4000","1","","","","","","","Body Ring","--","4000","1","","","","","","","Body Ring","--","4000","1","","","","","","","Body Ring","--","4000","1","","","","","","","Body Ring","--","4000","1","","","","","","","Body Ring","--","4000","1","","","","","","","Body Ring","--","4000","1","","","","","","","Body Ring","--","4000","1","","","","","","","Body Ring","--","4000","1","Body Ring","--","4000","1",""
"1553749985-364","http://www.feplanet.net/games-7-items","Light Rune","--","400","1","","","","","","","Light Rune","--","400","1","","","","","","","Light Rune","--","400","1","","","","","","","Light Rune","--","400","1","","","","","","","Light Rune","--","400","1","","","","","","","Light Rune","--","400","1","","","","","","","Light Rune","--","400","1","","","","","","","Light Rune","--","400","1","","","","","","","Light Rune","--","400","1","Light Rune","--","400","1",""
"1553749985-372","http://www.feplanet.net/games-7-items","Set's Litany","--","--","127","","","","","","","Set's Litany","--","--","127","","","","","","","Set's Litany","--","--","127","","","","","","","Set's Litany","--","--","127","","","","","","","Set's Litany","--","--","127","","","","","","","Set's Litany","--","--","127","","","","","","","Set's Litany","--","--","127","","","","","","","Set's Litany","--","--","127","","","","","","","Set's Litany","--","--","127","Set's Litany","--","--","127",""
"1553749985-244","http://www.feplanet.net/games-7-items","Emblem Blade","--","--","60","1","5","5","90","0","E","Emblem Blade","--","--","60","1","5","5","90","0","E","Emblem Blade","--","--","60","1","5","5","90","0","E","Emblem Blade","--","--","60","1","5","5","90","0","E","Emblem Blade","--","--","60","1","5","5","90","0","E","Emblem Blade","--","--","60","1","5","5","90","0","E","Emblem Blade","--","--","60","1","5","5","90","0","E","Emblem Blade","--","--","60","1","5","5","90","0","E","Emblem Blade","--","--","60","Emblem Blade","--","--","60","E"
"1553749985-383","http://www.feplanet.net/games-7-items","Guiding Ring","10000","50000","1","","","","","","10+","Guiding Ring","10000","50000","1","","","","","","10+","Guiding Ring","10000","50000","1","","","","","","10+","Guiding Ring","10000","50000","1","","","","","","10+","Guiding Ring","10000","50000","1","","","","","","10+","Guiding Ring","10000","50000","1","","","","","","10+","Guiding Ring","10000","50000","1","","","","","","10+","Guiding Ring","10000","50000","1","","","","","","10+","Guiding Ring","10000","50000","1","Guiding Ring","10000","50000","1","10+"
"1553749985-293","http://www.feplanet.net/games-7-items","Steel Axe","360","6","30","1","15","11","65","0","E","Steel Axe","360","6","30","1","15","11","65","0","E","Steel Axe","360","6","30","1","15","11","65","0","E","Steel Axe","360","6","30","1","15","11","65","0","E","Steel Axe","360","6","30","1","15","11","65","0","E","Steel Axe","360","6","30","1","15","11","65","0","E","Steel Axe","360","6","30","1","15","11","65","0","E","Steel Axe","360","6","30","1","15","11","65","0","E","Steel Axe","360","6","30","Steel Axe","360","6","30","E"
"1553749985-241","http://www.feplanet.net/games-7-items","Armorslayer","1260","35","18","1","11","8","80","0","D","Armorslayer","1260","35","18","1","11","8","80","0","D","Armorslayer","1260","35","18","1","11","8","80","0","D","Armorslayer","1260","35","18","1","11","8","80","0","D","Armorslayer","1260","35","18","1","11","8","80","0","D","Armorslayer","1260","35","18","1","11","8","80","0","D","Armorslayer","1260","35","18","1","11","8","80","0","D","Armorslayer","1260","35","18","1","11","8","80","0","D","Armorslayer","1260","35","18","Armorslayer","1260","35","18","D"
"1553749985-353","http://www.feplanet.net/games-7-items","Delphi Shield","--","5000","--","","","","","","","Delphi Shield","--","5000","--","","","","","","","Delphi Shield","--","5000","--","","","","","","","Delphi Shield","--","5000","--","","","","","","","Delphi Shield","--","5000","--","","","","","","","Delphi Shield","--","5000","--","","","","","","","Delphi Shield","--","5000","--","","","","","","","Delphi Shield","--","5000","--","","","","","","","Delphi Shield","--","5000","--","Delphi Shield","--","5000","--",""
"1553749985-344","http://www.feplanet.net/games-7-items","Unlock","1500","75","10","1-2","0","0","0","0","D","Unlock","1500","75","10","1-2","0","0","0","0","D","Unlock","1500","75","10","1-2","0","0","0","0","D","Unlock","1500","75","10","1-2","0","0","0","0","D","Unlock","1500","75","10","1-2","0","0","0","0","D","Unlock","1500","75","10","1-2","0","0","0","0","D","Unlock","1500","75","10","1-2","0","0","0","0","D","Unlock","1500","75","10","1-2","0","0","0","0","D","Unlock","1500","75","10","Unlock","1500","75","10","D"
"1553749985-374","http://www.feplanet.net/games-7-items","Speedwings","--","4000","1","","","","","","","Speedwings","--","4000","1","","","","","","","Speedwings","--","4000","1","","","","","","","Speedwings","--","4000","1","","","","","","","Speedwings","--","4000","1","","","","","","","Speedwings","--","4000","1","","","","","","","Speedwings","--","4000","1","","","","","","","Speedwings","--","4000","1","","","","","","","Speedwings","--","4000","1","Speedwings","--","4000","1",""
"1553749985-307","http://www.feplanet.net/games-7-items","Short Bow","1760","40","22","2","3","5","85","10","D","Short Bow","1760","40","22","2","3","5","85","10","D","Short Bow","1760","40","22","2","3","5","85","10","D","Short Bow","1760","40","22","2","3","5","85","10","D","Short Bow","1760","40","22","2","3","5","85","10","D","Short Bow","1760","40","22","2","3","5","85","10","D","Short Bow","1760","40","22","2","3","5","85","10","D","Short Bow","1760","40","22","2","3","5","85","10","D","Short Bow","1760","40","22","Short Bow","1760","40","22","D"
"1553749985-369","http://www.feplanet.net/games-7-items","Pure Water","900","150","3","","","","","","","Pure Water","900","150","3","","","","","","","Pure Water","900","150","3","","","","","","","Pure Water","900","150","3","","","","","","","Pure Water","900","150","3","","","","","","","Pure Water","900","150","3","","","","","","","Pure Water","900","150","3","","","","","","","Pure Water","900","150","3","","","","","","","Pure Water","900","150","3","Pure Water","900","150","3",""
"1553749985-264","http://www.feplanet.net/games-7-items","Wyrmslayer","--","75","20","1","5","7","75","0","C","Wyrmslayer","--","75","20","1","5","7","75","0","C","Wyrmslayer","--","75","20","1","5","7","75","0","C","Wyrmslayer","--","75","20","1","5","7","75","0","C","Wyrmslayer","--","75","20","1","5","7","75","0","C","Wyrmslayer","--","75","20","1","5","7","75","0","C","Wyrmslayer","--","75","20","1","5","7","75","0","C","Wyrmslayer","--","75","20","1","5","7","75","0","C","Wyrmslayer","--","75","20","Wyrmslayer","--","75","20","C"
"1553749985-324","http://www.feplanet.net/games-7-items","Eclipse","--","400","5","3-10","12","0","30","0","B","Eclipse","--","400","5","3-10","12","0","30","0","B","Eclipse","--","400","5","3-10","12","0","30","0","B","Eclipse","--","400","5","3-10","12","0","30","0","B","Eclipse","--","400","5","3-10","12","0","30","0","B","Eclipse","--","400","5","3-10","12","0","30","0","B","Eclipse","--","400","5","3-10","12","0","30","0","B","Eclipse","--","400","5","3-10","12","0","30","0","B","Eclipse","--","400","5","Eclipse","--","400","5","B"
"1553749985-332","http://www.feplanet.net/games-7-items","Berserk","--","300","3","MP/2","0","0","0","0","B","Berserk","--","300","3","MP/2","0","0","0","0","B","Berserk","--","300","3","MP/2","0","0","0","0","B","Berserk","--","300","3","MP/2","0","0","0","0","B","Berserk","--","300","3","MP/2","0","0","0","0","B","Berserk","--","300","3","MP/2","0","0","0","0","B","Berserk","--","300","3","MP/2","0","0","0","0","B","Berserk","--","300","3","MP/2","0","0","0","0","B","Berserk","--","300","3","Berserk","--","300","3","B"
"1553749985-328","http://www.feplanet.net/games-7-items","Gespenst","--","700","25","1-2","20","23","80","0","S","Gespenst","--","700","25","1-2","20","23","80","0","S","Gespenst","--","700","25","1-2","20","23","80","0","S","Gespenst","--","700","25","1-2","20","23","80","0","S","Gespenst","--","700","25","1-2","20","23","80","0","S","Gespenst","--","700","25","1-2","20","23","80","0","S","Gespenst","--","700","25","1-2","20","23","80","0","S","Gespenst","--","700","25","1-2","20","23","80","0","S","Gespenst","--","700","25","Gespenst","--","700","25","S"
"1553749985-291","http://www.feplanet.net/games-7-items","Poison Axe","--","--","40","1","10","4","60","0","D","Poison Axe","--","--","40","1","10","4","60","0","D","Poison Axe","--","--","40","1","10","4","60","0","D","Poison Axe","--","--","40","1","10","4","60","0","D","Poison Axe","--","--","40","1","10","4","60","0","D","Poison Axe","--","--","40","1","10","4","60","0","D","Poison Axe","--","--","40","1","10","4","60","0","D","Poison Axe","--","--","40","1","10","4","60","0","D","Poison Axe","--","--","40","Poison Axe","--","--","40","D"
"1553749985-366","http://www.feplanet.net/games-7-items","Member Card","--","3000","1","","","","","","","Member Card","--","3000","1","","","","","","","Member Card","--","3000","1","","","","","","","Member Card","--","3000","1","","","","","","","Member Card","--","3000","1","","","","","","","Member Card","--","3000","1","","","","","","","Member Card","--","3000","1","","","","","","","Member Card","--","3000","1","","","","","","","Member Card","--","3000","1","Member Card","--","3000","1",""
"1553749985-295","http://www.feplanet.net/games-7-items","Swordslayer","--","50","20","1","13","11","80","5","C","Swordslayer","--","50","20","1","13","11","80","5","C","Swordslayer","--","50","20","1","13","11","80","5","C","Swordslayer","--","50","20","1","13","11","80","5","C","Swordslayer","--","50","20","1","13","11","80","5","C","Swordslayer","--","50","20","1","13","11","80","5","C","Swordslayer","--","50","20","1","13","11","80","5","C","Swordslayer","--","50","20","1","13","11","80","5","C","Swordslayer","--","50","20","Swordslayer","--","50","20","C"
"1553749985-268","http://www.feplanet.net/games-7-items","Heavy Spear","1200","37","16","1","14","9","70","0","D","Heavy Spear","1200","37","16","1","14","9","70","0","D","Heavy Spear","1200","37","16","1","14","9","70","0","D","Heavy Spear","1200","37","16","1","14","9","70","0","D","Heavy Spear","1200","37","16","1","14","9","70","0","D","Heavy Spear","1200","37","16","1","14","9","70","0","D","Heavy Spear","1200","37","16","1","14","9","70","0","D","Heavy Spear","1200","37","16","1","14","9","70","0","D","Heavy Spear","1200","37","16","Heavy Spear","1200","37","16","D"
"1553749985-271","http://www.feplanet.net/games-7-items","Javelin","400","10","20","1-2","11","6","65","0","E","Javelin","400","10","20","1-2","11","6","65","0","E","Javelin","400","10","20","1-2","11","6","65","0","E","Javelin","400","10","20","1-2","11","6","65","0","E","Javelin","400","10","20","1-2","11","6","65","0","E","Javelin","400","10","20","1-2","11","6","65","0","E","Javelin","400","10","20","1-2","11","6","65","0","E","Javelin","400","10","20","1-2","11","6","65","0","E","Javelin","400","10","20","Javelin","400","10","20","E"
"1553749985-274","http://www.feplanet.net/games-7-items","Rex Hasta","--","300","25","1","11","21","80","0","S","Rex Hasta","--","300","25","1","11","21","80","0","S","Rex Hasta","--","300","25","1","11","21","80","0","S","Rex Hasta","--","300","25","1","11","21","80","0","S","Rex Hasta","--","300","25","1","11","21","80","0","S","Rex Hasta","--","300","25","1","11","21","80","0","S","Rex Hasta","--","300","25","1","11","21","80","0","S","Rex Hasta","--","300","25","1","11","21","80","0","S","Rex Hasta","--","300","25","Rex Hasta","--","300","25","S"
"1553749985-294","http://www.feplanet.net/games-7-items","Swordreaver","2100","70","15","1","13","11","65","5","C","Swordreaver","2100","70","15","1","13","11","65","5","C","Swordreaver","2100","70","15","1","13","11","65","5","C","Swordreaver","2100","70","15","1","13","11","65","5","C","Swordreaver","2100","70","15","1","13","11","65","5","C","Swordreaver","2100","70","15","1","13","11","65","5","C","Swordreaver","2100","70","15","1","13","11","65","5","C","Swordreaver","2100","70","15","1","13","11","65","5","C","Swordreaver","2100","70","15","Swordreaver","2100","70","15","C"
"1553749985-314","http://www.feplanet.net/games-7-items","Fire","560","7","40","1-2","4","5","90","0","E","Fire","560","7","40","1-2","4","5","90","0","E","Fire","560","7","40","1-2","4","5","90","0","E","Fire","560","7","40","1-2","4","5","90","0","E","Fire","560","7","40","1-2","4","5","90","0","E","Fire","560","7","40","1-2","4","5","90","0","E","Fire","560","7","40","1-2","4","5","90","0","E","Fire","560","7","40","1-2","4","5","90","0","E","Fire","560","7","40","Fire","560","7","40","E"
"1553749985-257","http://www.feplanet.net/games-7-items","Silver Sword","1500","27","20","1","8","13","80","0","A","Silver Sword","1500","27","20","1","8","13","80","0","A","Silver Sword","1500","27","20","1","8","13","80","0","A","Silver Sword","1500","27","20","1","8","13","80","0","A","Silver Sword","1500","27","20","1","8","13","80","0","A","Silver Sword","1500","27","20","1","8","13","80","0","A","Silver Sword","1500","27","20","1","8","13","80","0","A","Silver Sword","1500","27","20","1","8","13","80","0","A","Silver Sword","1500","27","20","Silver Sword","1500","27","20","A"
"1553749985-276","http://www.feplanet.net/games-7-items","Silver Lance","1200","30","20","1","10","14","75","0","A","Silver Lance","1200","30","20","1","10","14","75","0","A","Silver Lance","1200","30","20","1","10","14","75","0","A","Silver Lance","1200","30","20","1","10","14","75","0","A","Silver Lance","1200","30","20","1","10","14","75","0","A","Silver Lance","1200","30","20","1","10","14","75","0","A","Silver Lance","1200","30","20","1","10","14","75","0","A","Silver Lance","1200","30","20","1","10","14","75","0","A","Silver Lance","1200","30","20","Silver Lance","1200","30","20","A"
"1553749985-290","http://www.feplanet.net/games-7-items","Killer Axe","1000","25","20","1","11","11","65","30","C","Killer Axe","1000","25","20","1","11","11","65","30","C","Killer Axe","1000","25","20","1","11","11","65","30","C","Killer Axe","1000","25","20","1","11","11","65","30","C","Killer Axe","1000","25","20","1","11","11","65","30","C","Killer Axe","1000","25","20","1","11","11","65","30","C","Killer Axe","1000","25","20","1","11","11","65","30","C","Killer Axe","1000","25","20","1","11","11","65","30","C","Killer Axe","1000","25","20","Killer Axe","1000","25","20","C"
"1553749985-387","http://www.feplanet.net/games-7-items","Ocean Seal","50000","25000","1","","","","","","10+","Ocean Seal","50000","25000","1","","","","","","10+","Ocean Seal","50000","25000","1","","","","","","10+","Ocean Seal","50000","25000","1","","","","","","10+","Ocean Seal","50000","25000","1","","","","","","10+","Ocean Seal","50000","25000","1","","","","","","10+","Ocean Seal","50000","25000","1","","","","","","10+","Ocean Seal","50000","25000","1","","","","","","10+","Ocean Seal","50000","25000","1","Ocean Seal","50000","25000","1","10+"
"1553749985-292","http://www.feplanet.net/games-7-items","Silver Axe","1000","25","20","1","12","15","70","0","A","Silver Axe","1000","25","20","1","12","15","70","0","A","Silver Axe","1000","25","20","1","12","15","70","0","A","Silver Axe","1000","25","20","1","12","15","70","0","A","Silver Axe","1000","25","20","1","12","15","70","0","A","Silver Axe","1000","25","20","1","12","15","70","0","A","Silver Axe","1000","25","20","1","12","15","70","0","A","Silver Axe","1000","25","20","1","12","15","70","0","A","Silver Axe","1000","25","20","Silver Axe","1000","25","20","A"
"1553749985-370","http://www.feplanet.net/games-7-items","Red Gem","--","2500","1","","","","","","","Red Gem","--","2500","1","","","","","","","Red Gem","--","2500","1","","","","","","","Red Gem","--","2500","1","","","","","","","Red Gem","--","2500","1","","","","","","","Red Gem","--","2500","1","","","","","","","Red Gem","--","2500","1","","","","","","","Red Gem","--","2500","1","","","","","","","Red Gem","--","2500","1","Red Gem","--","2500","1",""
"1553749985-331","http://www.feplanet.net/games-7-items","Barrier","2250","75","15","1","0","0","0","0","C","Barrier","2250","75","15","1","0","0","0","0","C","Barrier","2250","75","15","1","0","0","0","0","C","Barrier","2250","75","15","1","0","0","0","0","C","Barrier","2250","75","15","1","0","0","0","0","C","Barrier","2250","75","15","1","0","0","0","0","C","Barrier","2250","75","15","1","0","0","0","0","C","Barrier","2250","75","15","1","0","0","0","0","C","Barrier","2250","75","15","Barrier","2250","75","15","C"
"1553749985-368","http://www.feplanet.net/games-7-items","Ninis's Grace","--","--","15","","","","","","","Ninis's Grace","--","--","15","","","","","","","Ninis's Grace","--","--","15","","","","","","","Ninis's Grace","--","--","15","","","","","","","Ninis's Grace","--","--","15","","","","","","","Ninis's Grace","--","--","15","","","","","","","Ninis's Grace","--","--","15","","","","","","","Ninis's Grace","--","--","15","","","","","","","Ninis's Grace","--","--","15","Ninis's Grace","--","--","15",""
"1553749985-284","http://www.feplanet.net/games-7-items","Dragon Axe","--","75","40","1","11","10","60","0","C","Dragon Axe","--","75","40","1","11","10","60","0","C","Dragon Axe","--","75","40","1","11","10","60","0","C","Dragon Axe","--","75","40","1","11","10","60","0","C","Dragon Axe","--","75","40","1","11","10","60","0","C","Dragon Axe","--","75","40","1","11","10","60","0","C","Dragon Axe","--","75","40","1","11","10","60","0","C","Dragon Axe","--","75","40","1","11","10","60","0","C","Dragon Axe","--","75","40","Dragon Axe","--","75","40","C"
"1553749985-378","http://www.feplanet.net/games-7-items","Vulnerary","300","50","3","","","","","","","Vulnerary","300","50","3","","","","","","","Vulnerary","300","50","3","","","","","","","Vulnerary","300","50","3","","","","","","","Vulnerary","300","50","3","","","","","","","Vulnerary","300","50","3","","","","","","","Vulnerary","300","50","3","","","","","","","Vulnerary","300","50","3","","","","","","","Vulnerary","300","50","3","Vulnerary","300","50","3",""
"1553749985-384","http://www.feplanet.net/games-7-items","Heaven Seal","--","10000","1","","","","","","10+","Heaven Seal","--","10000","1","","","","","","10+","Heaven Seal","--","10000","1","","","","","","10+","Heaven Seal","--","10000","1","","","","","","10+","Heaven Seal","--","10000","1","","","","","","10+","Heaven Seal","--","10000","1","","","","","","10+","Heaven Seal","--","10000","1","","","","","","10+","Heaven Seal","--","10000","1","","","","","","10+","Heaven Seal","--","10000","1","Heaven Seal","--","10000","1","10+"
"1553749985-298","http://www.feplanet.net/games-7-items","Ballista","--","5","3","20","8","70","0","0","","Ballista","--","5","3","20","8","70","0","0","","Ballista","--","5","3","20","8","70","0","0","","Ballista","--","5","3","20","8","70","0","0","","Ballista","--","5","3","20","8","70","0","0","","Ballista","--","5","3","20","8","70","0","0","","Ballista","--","5","3","20","8","70","0","0","","Ballista","--","5","3","20","8","70","0","0","","Ballista","--","5","3","Ballista","--","5","3",""
"1553749985-246","http://www.feplanet.net/games-7-items","Iron Sword","460","5","45","1","5","5","90","0","E","Iron Sword","460","5","45","1","5","5","90","0","E","Iron Sword","460","5","45","1","5","5","90","0","E","Iron Sword","460","5","45","1","5","5","90","0","E","Iron Sword","460","5","45","1","5","5","90","0","E","Iron Sword","460","5","45","1","5","5","90","0","E","Iron Sword","460","5","45","1","5","5","90","0","E","Iron Sword","460","5","45","1","5","5","90","0","E","Iron Sword","460","5","45","Iron Sword","460","5","45","E"
"1553749985-308","http://www.feplanet.net/games-7-items","Silver Bow","1600","40","20","2","6","13","75","0","A","Silver Bow","1600","40","20","2","6","13","75","0","A","Silver Bow","1600","40","20","2","6","13","75","0","A","Silver Bow","1600","40","20","2","6","13","75","0","A","Silver Bow","1600","40","20","2","6","13","75","0","A","Silver Bow","1600","40","20","2","6","13","75","0","A","Silver Bow","1600","40","20","2","6","13","75","0","A","Silver Bow","1600","40","20","2","6","13","75","0","A","Silver Bow","1600","40","20","Silver Bow","1600","40","20","A"
"1553749985-283","http://www.feplanet.net/games-7-items","Devil Axe","--","22","20","1","18","18","55","0","E","Devil Axe","--","22","20","1","18","18","55","0","E","Devil Axe","--","22","20","1","18","18","55","0","E","Devil Axe","--","22","20","1","18","18","55","0","E","Devil Axe","--","22","20","1","18","18","55","0","E","Devil Axe","--","22","20","1","18","18","55","0","E","Devil Axe","--","22","20","1","18","18","55","0","E","Devil Axe","--","22","20","1","18","18","55","0","E","Devil Axe","--","22","20","Devil Axe","--","22","20","E"
"1553749985-343","http://www.feplanet.net/games-7-items","Torch","1000","50","10","MP/2","0","0","0","0","D","Torch","1000","50","10","MP/2","0","0","0","0","D","Torch","1000","50","10","MP/2","0","0","0","0","D","Torch","1000","50","10","MP/2","0","0","0","0","D","Torch","1000","50","10","MP/2","0","0","0","0","D","Torch","1000","50","10","MP/2","0","0","0","0","D","Torch","1000","50","10","MP/2","0","0","0","0","D","Torch","1000","50","10","MP/2","0","0","0","0","D","Torch","1000","50","10","Torch","1000","50","10","D"
"1553749985-317","http://www.feplanet.net/games-7-items","Aura","--","200","20","1-2","15","12","85","15","A","Aura","--","200","20","1-2","15","12","85","15","A","Aura","--","200","20","1-2","15","12","85","15","A","Aura","--","200","20","1-2","15","12","85","15","A","Aura","--","200","20","1-2","15","12","85","15","A","Aura","--","200","20","1-2","15","12","85","15","A","Aura","--","200","20","1-2","15","12","85","15","A","Aura","--","200","20","1-2","15","12","85","15","A","Aura","--","200","20","Aura","--","200","20","A"
"1553749985-302","http://www.feplanet.net/games-7-items","Killer Ballista","--","--","5","3-10","20","12","65","10","E","Killer Ballista","--","--","5","3-10","20","12","65","10","E","Killer Ballista","--","--","5","3-10","20","12","65","10","E","Killer Ballista","--","--","5","3-10","20","12","65","10","E","Killer Ballista","--","--","5","3-10","20","12","65","10","E","Killer Ballista","--","--","5","3-10","20","12","65","10","E","Killer Ballista","--","--","5","3-10","20","12","65","10","E","Killer Ballista","--","--","5","3-10","20","12","65","10","E","Killer Ballista","--","--","5","Killer Ballista","--","--","5","E"
"1553749985-327","http://www.feplanet.net/games-7-items","Flux","900","10","45","1-2","8","7","80","0","D","Flux","900","10","45","1-2","8","7","80","0","D","Flux","900","10","45","1-2","8","7","80","0","D","Flux","900","10","45","1-2","8","7","80","0","D","Flux","900","10","45","1-2","8","7","80","0","D","Flux","900","10","45","1-2","8","7","80","0","D","Flux","900","10","45","1-2","8","7","80","0","D","Flux","900","10","45","1-2","8","7","80","0","D","Flux","900","10","45","Flux","900","10","45","D"
"1553749985-321","http://www.feplanet.net/games-7-items","Luce","--","600","25","1-2","16","16","95","25","S","Luce","--","600","25","1-2","16","16","95","25","S","Luce","--","600","25","1-2","16","16","95","25","S","Luce","--","600","25","1-2","16","16","95","25","S","Luce","--","600","25","1-2","16","16","95","25","S","Luce","--","600","25","1-2","16","16","95","25","S","Luce","--","600","25","1-2","16","16","95","25","S","Luce","--","600","25","1-2","16","16","95","25","S","Luce","--","600","25","Luce","--","600","25","S"
"1553749985-251","http://www.feplanet.net/games-7-items","Mani Katti","--","--","45","1","3","8","80","20","Prf","Mani Katti","--","--","45","1","3","8","80","20","Prf","Mani Katti","--","--","45","1","3","8","80","20","Prf","Mani Katti","--","--","45","1","3","8","80","20","Prf","Mani Katti","--","--","45","1","3","8","80","20","Prf","Mani Katti","--","--","45","1","3","8","80","20","Prf","Mani Katti","--","--","45","1","3","8","80","20","Prf","Mani Katti","--","--","45","1","3","8","80","20","Prf","Mani Katti","--","--","45","Mani Katti","--","--","45","Prf"
"1553749985-270","http://www.feplanet.net/games-7-items","Iron Lance","360","4","45","1","8","7","80","0","E","Iron Lance","360","4","45","1","8","7","80","0","E","Iron Lance","360","4","45","1","8","7","80","0","E","Iron Lance","360","4","45","1","8","7","80","0","E","Iron Lance","360","4","45","1","8","7","80","0","E","Iron Lance","360","4","45","1","8","7","80","0","E","Iron Lance","360","4","45","1","8","7","80","0","E","Iron Lance","360","4","45","1","8","7","80","0","E","Iron Lance","360","4","45","Iron Lance","360","4","45","E"
"1553749985-243","http://www.feplanet.net/games-7-items","Durandal","--","--","20","1","16","17","90","0","Prf","Durandal","--","--","20","1","16","17","90","0","Prf","Durandal","--","--","20","1","16","17","90","0","Prf","Durandal","--","--","20","1","16","17","90","0","Prf","Durandal","--","--","20","1","16","17","90","0","Prf","Durandal","--","--","20","1","16","17","90","0","Prf","Durandal","--","--","20","1","16","17","90","0","Prf","Durandal","--","--","20","1","16","17","90","0","Prf","Durandal","--","--","20","Durandal","--","--","20","Prf"
"1553749985-363","http://www.feplanet.net/games-7-items","Iron Rune","--","2500","--","","","","","","","Iron Rune","--","2500","--","","","","","","","Iron Rune","--","2500","--","","","","","","","Iron Rune","--","2500","--","","","","","","","Iron Rune","--","2500","--","","","","","","","Iron Rune","--","2500","--","","","","","","","Iron Rune","--","2500","--","","","","","","","Iron Rune","--","2500","--","","","","","","","Iron Rune","--","2500","--","Iron Rune","--","2500","--",""
"1553749985-315","http://www.feplanet.net/games-7-items","Forblaze","--","--","20","1-2","11","14","85","5","Prf","Forblaze","--","--","20","1-2","11","14","85","5","Prf","Forblaze","--","--","20","1-2","11","14","85","5","Prf","Forblaze","--","--","20","1-2","11","14","85","5","Prf","Forblaze","--","--","20","1-2","11","14","85","5","Prf","Forblaze","--","--","20","1-2","11","14","85","5","Prf","Forblaze","--","--","20","1-2","11","14","85","5","Prf","Forblaze","--","--","20","1-2","11","14","85","5","Prf","Forblaze","--","--","20","Forblaze","--","--","20","Prf"
"1553749985-322","http://www.feplanet.net/games-7-items","Purge","--","300","5","3-10","20","10","75","5","B","Purge","--","300","5","3-10","20","10","75","5","B","Purge","--","300","5","3-10","20","10","75","5","B","Purge","--","300","5","3-10","20","10","75","5","B","Purge","--","300","5","3-10","20","10","75","5","B","Purge","--","300","5","3-10","20","10","75","5","B","Purge","--","300","5","3-10","20","10","75","5","B","Purge","--","300","5","3-10","20","10","75","5","B","Purge","--","300","5","Purge","--","300","5","B"
"1553749985-252","http://www.feplanet.net/games-7-items","Poison Sword","--","--","40","1","6","7","70","0","D","Poison Sword","--","--","40","1","6","7","70","0","D","Poison Sword","--","--","40","1","6","7","70","0","D","Poison Sword","--","--","40","1","6","7","70","0","D","Poison Sword","--","--","40","1","6","7","70","0","D","Poison Sword","--","--","40","1","6","7","70","0","D","Poison Sword","--","--","40","1","6","7","70","0","D","Poison Sword","--","--","40","1","6","7","70","0","D","Poison Sword","--","--","40","Poison Sword","--","--","40","D"
"1553749985-386","http://www.feplanet.net/games-7-items","Knight Crest","10000","5000","1","","","","","","10+","Knight Crest","10000","5000","1","","","","","","10+","Knight Crest","10000","5000","1","","","","","","10+","Knight Crest","10000","5000","1","","","","","","10+","Knight Crest","10000","5000","1","","","","","","10+","Knight Crest","10000","5000","1","","","","","","10+","Knight Crest","10000","5000","1","","","","","","10+","Knight Crest","10000","5000","1","","","","","","10+","Knight Crest","10000","5000","1","Knight Crest","10000","5000","1","10+"
"1553749985-279","http://www.feplanet.net/games-7-items","Steel Lance","480","8","30","1","13","10","70","0","D","Steel Lance","480","8","30","1","13","10","70","0","D","Steel Lance","480","8","30","1","13","10","70","0","D","Steel Lance","480","8","30","1","13","10","70","0","D","Steel Lance","480","8","30","1","13","10","70","0","D","Steel Lance","480","8","30","1","13","10","70","0","D","Steel Lance","480","8","30","1","13","10","70","0","D","Steel Lance","480","8","30","1","13","10","70","0","D","Steel Lance","480","8","30","Steel Lance","480","8","30","D"
"1553749985-367","http://www.feplanet.net/games-7-items","Mine","--","250","1","","","","","","","Mine","--","250","1","","","","","","","Mine","--","250","1","","","","","","","Mine","--","250","1","","","","","","","Mine","--","250","1","","","","","","","Mine","--","250","1","","","","","","","Mine","--","250","1","","","","","","","Mine","--","250","1","","","","","","","Mine","--","250","1","Mine","--","250","1",""
"1553749985-248","http://www.feplanet.net/games-7-items","Lancereaver","1800","60","15","1","9","9","75","7","C","Lancereaver","1800","60","15","1","9","9","75","7","C","Lancereaver","1800","60","15","1","9","9","75","7","C","Lancereaver","1800","60","15","1","9","9","75","7","C","Lancereaver","1800","60","15","1","9","9","75","7","C","Lancereaver","1800","60","15","1","9","9","75","7","C","Lancereaver","1800","60","15","1","9","9","75","7","C","Lancereaver","1800","60","15","1","9","9","75","7","C","Lancereaver","1800","60","15","Lancereaver","1800","60","15","C"
"1553749985-357","http://www.feplanet.net/games-7-items","Emblem Seal","--","--","1","","","","","","","Emblem Seal","--","--","1","","","","","","","Emblem Seal","--","--","1","","","","","","","Emblem Seal","--","--","1","","","","","","","Emblem Seal","--","--","1","","","","","","","Emblem Seal","--","--","1","","","","","","","Emblem Seal","--","--","1","","","","","","","Emblem Seal","--","--","1","","","","","","","Emblem Seal","--","--","1","Emblem Seal","--","--","1",""
"1553749985-346","http://www.feplanet.net/games-7-items","Afa's Drops","--","--","1","","","","","","","Afa's Drops","--","--","1","","","","","","","Afa's Drops","--","--","1","","","","","","","Afa's Drops","--","--","1","","","","","","","Afa's Drops","--","--","1","","","","","","","Afa's Drops","--","--","1","","","","","","","Afa's Drops","--","--","1","","","","","","","Afa's Drops","--","--","1","","","","","","","Afa's Drops","--","--","1","Afa's Drops","--","--","1",""
"1553749985-305","http://www.feplanet.net/games-7-items","Poison Bow","--","--","40","2","5","4","65","0","D","Poison Bow","--","--","40","2","5","4","65","0","D","Poison Bow","--","--","40","2","5","4","65","0","D","Poison Bow","--","--","40","2","5","4","65","0","D","Poison Bow","--","--","40","2","5","4","65","0","D","Poison Bow","--","--","40","2","5","4","65","0","D","Poison Bow","--","--","40","2","5","4","65","0","D","Poison Bow","--","--","40","2","5","4","65","0","D","Poison Bow","--","--","40","Poison Bow","--","--","40","D"
"1553749985-299","http://www.feplanet.net/games-7-items","Brave Bow","--","125","30","2","12","10","70","0","B","Brave Bow","--","125","30","2","12","10","70","0","B","Brave Bow","--","125","30","2","12","10","70","0","B","Brave Bow","--","125","30","2","12","10","70","0","B","Brave Bow","--","125","30","2","12","10","70","0","B","Brave Bow","--","125","30","2","12","10","70","0","B","Brave Bow","--","125","30","2","12","10","70","0","B","Brave Bow","--","125","30","2","12","10","70","0","B","Brave Bow","--","125","30","Brave Bow","--","125","30","B"
"1553749985-326","http://www.feplanet.net/games-7-items","Fenrir","--","225","20","1-2","18","15","70","0","A","Fenrir","--","225","20","1-2","18","15","70","0","A","Fenrir","--","225","20","1-2","18","15","70","0","A","Fenrir","--","225","20","1-2","18","15","70","0","A","Fenrir","--","225","20","1-2","18","15","70","0","A","Fenrir","--","225","20","1-2","18","15","70","0","A","Fenrir","--","225","20","1-2","18","15","70","0","A","Fenrir","--","225","20","1-2","18","15","70","0","A","Fenrir","--","225","20","Fenrir","--","225","20","A"
"1553749985-275","http://www.feplanet.net/games-7-items","Short Spear","--","25","18","1-2","12","9","60","0","C","Short Spear","--","25","18","1-2","12","9","60","0","C","Short Spear","--","25","18","1-2","12","9","60","0","C","Short Spear","--","25","18","1-2","12","9","60","0","C","Short Spear","--","25","18","1-2","12","9","60","0","C","Short Spear","--","25","18","1-2","12","9","60","0","C","Short Spear","--","25","18","1-2","12","9","60","0","C","Short Spear","--","25","18","1-2","12","9","60","0","C","Short Spear","--","25","18","Short Spear","--","25","18","C"
"1553749985-311","http://www.feplanet.net/games-7-items","Elfire","1200","20","30","1-2","10","10","85","0","C","Elfire","1200","20","30","1-2","10","10","85","0","C","Elfire","1200","20","30","1-2","10","10","85","0","C","Elfire","1200","20","30","1-2","10","10","85","0","C","Elfire","1200","20","30","1-2","10","10","85","0","C","Elfire","1200","20","30","1-2","10","10","85","0","C","Elfire","1200","20","30","1-2","10","10","85","0","C","Elfire","1200","20","30","1-2","10","10","85","0","C","Elfire","1200","20","30","Elfire","1200","20","30","C"
"1553749985-356","http://www.feplanet.net/games-7-items","Elixir","3000","500","3","","","","","","","Elixir","3000","500","3","","","","","","","Elixir","3000","500","3","","","","","","","Elixir","3000","500","3","","","","","","","Elixir","3000","500","3","","","","","","","Elixir","3000","500","3","","","","","","","Elixir","3000","500","3","","","","","","","Elixir","3000","500","3","","","","","","","Elixir","3000","500","3","Elixir","3000","500","3",""
"1553749985-304","http://www.feplanet.net/games-7-items","Longbow","2000","50","20","2-3","10","5","65","0","D","Longbow","2000","50","20","2-3","10","5","65","0","D","Longbow","2000","50","20","2-3","10","5","65","0","D","Longbow","2000","50","20","2-3","10","5","65","0","D","Longbow","2000","50","20","2-3","10","5","65","0","D","Longbow","2000","50","20","2-3","10","5","65","0","D","Longbow","2000","50","20","2-3","10","5","65","0","D","Longbow","2000","50","20","2-3","10","5","65","0","D","Longbow","2000","50","20","Longbow","2000","50","20","D"
"1553749985-381","http://www.feplanet.net/games-7-items","Elysian Whip","10000","5000","1","","","","","","10+","Elysian Whip","10000","5000","1","","","","","","10+","Elysian Whip","10000","5000","1","","","","","","10+","Elysian Whip","10000","5000","1","","","","","","10+","Elysian Whip","10000","5000","1","","","","","","10+","Elysian Whip","10000","5000","1","","","","","","10+","Elysian Whip","10000","5000","1","","","","","","10+","Elysian Whip","10000","5000","1","","","","","","10+","Elysian Whip","10000","5000","1","Elysian Whip","10000","5000","1","10+"
"1553749985-349","http://www.feplanet.net/games-7-items","Blue Gem","--","5000","1","","","","","","","Blue Gem","--","5000","1","","","","","","","Blue Gem","--","5000","1","","","","","","","Blue Gem","--","5000","1","","","","","","","Blue Gem","--","5000","1","","","","","","","Blue Gem","--","5000","1","","","","","","","Blue Gem","--","5000","1","","","","","","","Blue Gem","--","5000","1","","","","","","","Blue Gem","--","5000","1","Blue Gem","--","5000","1",""
"1553749985-281","http://www.feplanet.net/games-7-items","Basilikos","--","300","25","1","13","22","75","0","S","Basilikos","--","300","25","1","13","22","75","0","S","Basilikos","--","300","25","1","13","22","75","0","S","Basilikos","--","300","25","1","13","22","75","0","S","Basilikos","--","300","25","1","13","22","75","0","S","Basilikos","--","300","25","1","13","22","75","0","S","Basilikos","--","300","25","1","13","22","75","0","S","Basilikos","--","300","25","1","13","22","75","0","S","Basilikos","--","300","25","Basilikos","--","300","25","S"
"1553749985-373","http://www.feplanet.net/games-7-items","Silver Card","--","2000","1","","","","","","","Silver Card","--","2000","1","","","","","","","Silver Card","--","2000","1","","","","","","","Silver Card","--","2000","1","","","","","","","Silver Card","--","2000","1","","","","","","","Silver Card","--","2000","1","","","","","","","Silver Card","--","2000","1","","","","","","","Silver Card","--","2000","1","","","","","","","Silver Card","--","2000","1","Silver Card","--","2000","1",""
"1553749985-258","http://www.feplanet.net/games-7-items","Slim Sword","480","8","30","1","2","3","100","5","E","Slim Sword","480","8","30","1","2","3","100","5","E","Slim Sword","480","8","30","1","2","3","100","5","E","Slim Sword","480","8","30","1","2","3","100","5","E","Slim Sword","480","8","30","1","2","3","100","5","E","Slim Sword","480","8","30","1","2","3","100","5","E","Slim Sword","480","8","30","1","2","3","100","5","E","Slim Sword","480","8","30","1","2","3","100","5","E","Slim Sword","480","8","30","Slim Sword","480","8","30","E"
"1553749985-253","http://www.feplanet.net/games-7-items","Rapier","--","75","40","1","5","7","95","10","Prf","Rapier","--","75","40","1","5","7","95","10","Prf","Rapier","--","75","40","1","5","7","95","10","Prf","Rapier","--","75","40","1","5","7","95","10","Prf","Rapier","--","75","40","1","5","7","95","10","Prf","Rapier","--","75","40","1","5","7","95","10","Prf","Rapier","--","75","40","1","5","7","95","10","Prf","Rapier","--","75","40","1","5","7","95","10","Prf","Rapier","--","75","40","Rapier","--","75","40","Prf"
"1553749985-330","http://www.feplanet.net/games-7-items","Nosferatu","--","80","20","1-2","14","10","70","0","C","Nosferatu","--","80","20","1-2","14","10","70","0","C","Nosferatu","--","80","20","1-2","14","10","70","0","C","Nosferatu","--","80","20","1-2","14","10","70","0","C","Nosferatu","--","80","20","1-2","14","10","70","0","C","Nosferatu","--","80","20","1-2","14","10","70","0","C","Nosferatu","--","80","20","1-2","14","10","70","0","C","Nosferatu","--","80","20","1-2","14","10","70","0","C","Nosferatu","--","80","20","Nosferatu","--","80","20","C"
"1553749985-347","http://www.feplanet.net/games-7-items","Angelic Robe","--","4000","1","","","","","","","Angelic Robe","--","4000","1","","","","","","","Angelic Robe","--","4000","1","","","","","","","Angelic Robe","--","4000","1","","","","","","","Angelic Robe","--","4000","1","","","","","","","Angelic Robe","--","4000","1","","","","","","","Angelic Robe","--","4000","1","","","","","","","Angelic Robe","--","4000","1","","","","","","","Angelic Robe","--","4000","1","Angelic Robe","--","4000","1",""
"1553749985-260","http://www.feplanet.net/games-7-items","Steel Blade","1250","25","25","1","14","11","65","0","C","Steel Blade","1250","25","25","1","14","11","65","0","C","Steel Blade","1250","25","25","1","14","11","65","0","C","Steel Blade","1250","25","25","1","14","11","65","0","C","Steel Blade","1250","25","25","1","14","11","65","0","C","Steel Blade","1250","25","25","1","14","11","65","0","C","Steel Blade","1250","25","25","1","14","11","65","0","C","Steel Blade","1250","25","25","1","14","11","65","0","C","Steel Blade","1250","25","25","Steel Blade","1250","25","25","C"
"1553749985-247","http://www.feplanet.net/games-7-items","Killing Edge","1300","32","20","1","7","9","75","30","C","Killing Edge","1300","32","20","1","7","9","75","30","C","Killing Edge","1300","32","20","1","7","9","75","30","C","Killing Edge","1300","32","20","1","7","9","75","30","C","Killing Edge","1300","32","20","1","7","9","75","30","C","Killing Edge","1300","32","20","1","7","9","75","30","C","Killing Edge","1300","32","20","1","7","9","75","30","C","Killing Edge","1300","32","20","1","7","9","75","30","C","Killing Edge","1300","32","20","Killing Edge","1300","32","20","C"
"1553749985-382","http://www.feplanet.net/games-7-items","Fell Contract","50000","25000","1","","","","","","10+","Fell Contract","50000","25000","1","","","","","","10+","Fell Contract","50000","25000","1","","","","","","10+","Fell Contract","50000","25000","1","","","","","","10+","Fell Contract","50000","25000","1","","","","","","10+","Fell Contract","50000","25000","1","","","","","","10+","Fell Contract","50000","25000","1","","","","","","10+","Fell Contract","50000","25000","1","","","","","","10+","Fell Contract","50000","25000","1","Fell Contract","50000","25000","1","10+"
"1553749985-261","http://www.feplanet.net/games-7-items","Steel Sword","600","10","30","1","10","8","75","0","D","Steel Sword","600","10","30","1","10","8","75","0","D","Steel Sword","600","10","30","1","10","8","75","0","D","Steel Sword","600","10","30","1","10","8","75","0","D","Steel Sword","600","10","30","1","10","8","75","0","D","Steel Sword","600","10","30","1","10","8","75","0","D","Steel Sword","600","10","30","1","10","8","75","0","D","Steel Sword","600","10","30","1","10","8","75","0","D","Steel Sword","600","10","30","Steel Sword","600","10","30","D"
"1553749985-303","http://www.feplanet.net/games-7-items","Killer Bow","1400","35","20","2","7","9","75","30","C","Killer Bow","1400","35","20","2","7","9","75","30","C","Killer Bow","1400","35","20","2","7","9","75","30","C","Killer Bow","1400","35","20","2","7","9","75","30","C","Killer Bow","1400","35","20","2","7","9","75","30","C","Killer Bow","1400","35","20","2","7","9","75","30","C","Killer Bow","1400","35","20","2","7","9","75","30","C","Killer Bow","1400","35","20","2","7","9","75","30","C","Killer Bow","1400","35","20","Killer Bow","1400","35","20","C"
"1553749985-337","http://www.feplanet.net/games-7-items","Physic","3750","125","15","MP/2","0","15","0","0","B","Physic","3750","125","15","MP/2","0","15","0","0","B","Physic","3750","125","15","MP/2","0","15","0","0","B","Physic","3750","125","15","MP/2","0","15","0","0","B","Physic","3750","125","15","MP/2","0","15","0","0","B","Physic","3750","125","15","MP/2","0","15","0","0","B","Physic","3750","125","15","MP/2","0","15","0","0","B","Physic","3750","125","15","MP/2","0","15","0","0","B","Physic","3750","125","15","Physic","3750","125","15","B"
"1553749985-300","http://www.feplanet.net/games-7-items","Emblem Bow","--","60","2","5","6","85","0","0","","Emblem Bow","--","60","2","5","6","85","0","0","","Emblem Bow","--","60","2","5","6","85","0","0","","Emblem Bow","--","60","2","5","6","85","0","0","","Emblem Bow","--","60","2","5","6","85","0","0","","Emblem Bow","--","60","2","5","6","85","0","0","","Emblem Bow","--","60","2","5","6","85","0","0","","Emblem Bow","--","60","2","5","6","85","0","0","","Emblem Bow","--","60","2","Emblem Bow","--","60","2",""
"1553749985-313","http://www.feplanet.net/games-7-items","Fimbulvetr","--","150","20","1-2","12","13","80","0","A","Fimbulvetr","--","150","20","1-2","12","13","80","0","A","Fimbulvetr","--","150","20","1-2","12","13","80","0","A","Fimbulvetr","--","150","20","1-2","12","13","80","0","A","Fimbulvetr","--","150","20","1-2","12","13","80","0","A","Fimbulvetr","--","150","20","1-2","12","13","80","0","A","Fimbulvetr","--","150","20","1-2","12","13","80","0","A","Fimbulvetr","--","150","20","1-2","12","13","80","0","A","Fimbulvetr","--","150","20","Fimbulvetr","--","150","20","A"
"1553749985-272","http://www.feplanet.net/games-7-items","Killer Lance","1200","30","20","1","9","10","70","30","C","Killer Lance","1200","30","20","1","9","10","70","30","C","Killer Lance","1200","30","20","1","9","10","70","30","C","Killer Lance","1200","30","20","1","9","10","70","30","C","Killer Lance","1200","30","20","1","9","10","70","30","C","Killer Lance","1200","30","20","1","9","10","70","30","C","Killer Lance","1200","30","20","1","9","10","70","30","C","Killer Lance","1200","30","20","1","9","10","70","30","C","Killer Lance","1200","30","20","Killer Lance","1200","30","20","C"
"1553749985-277","http://www.feplanet.net/games-7-items","Slim Lance","450","7","30","1","4","4","85","5","E","Slim Lance","450","7","30","1","4","4","85","5","E","Slim Lance","450","7","30","1","4","4","85","5","E","Slim Lance","450","7","30","1","4","4","85","5","E","Slim Lance","450","7","30","1","4","4","85","5","E","Slim Lance","450","7","30","1","4","4","85","5","E","Slim Lance","450","7","30","1","4","4","85","5","E","Slim Lance","450","7","30","1","4","4","85","5","E","Slim Lance","450","7","30","Slim Lance","450","7","30","E"
